{
    "root_group": {
        "name": "",
        "path": "",
        "id": "d41d8cd98f00b204e9800998ecf8427e",
        "groups": {},
        "checks": {
                "login 200 + token present": {
                    "fails": 33,
                    "name": "login 200 + token present",
                    "path": "::login 200 + token present",
                    "id": "be93b2544f509d9f0b9befde67ac75a9",
                    "passes": 967
                },
                "cart 201": {
                    "name": "cart 201",
                    "path": "::cart 201",
                    "id": "3f45863385db49dd36b56a7be5398c81",
                    "passes": 512,
                    "fails": 455
                },
                "order 201|409|400": {
                    "name": "order 201|409|400",
                    "path": "::order 201|409|400",
                    "id": "edcc6ed196399fecf5b7d8ab4fdf2999",
                    "passes": 138,
                    "fails": 374
                }
            }
    },
    "metrics": {
        "http_req_failed{scenario:contention}": {
            "passes": 890,
            "fails": 1589,
            "thresholds": {
                "rate<0.1": true
            },
            "value": 0.3590157321500605
        },
        "http_req_sending": {
            "p(95)": 0.1120253,
            "avg": 0.05485959862847925,
            "min": 0,
            "med": 0.038106,
            "max": 0.395793,
            "p(90)": 0.10077400000000002
        },
        "peekcart_cart_failures": {
            "count": 455,
            "rate": 3.5419834022723165
        },
        "http_req_duration": {
            "avg": 13632.735610121435,
            "min": 0,
            "med": 14335.38732,
            "max": 40470.286982,
            "p(90)": 26898.534378400018,
            "p(95)": 30215.941793
        },
        "http_req_waiting": {
            "p(95)": 30209.6031106,
            "avg": 13624.654349214969,
            "min": 0,
            "med": 14325.721031,
            "max": 40447.320224,
            "p(90)": 26895.703733200015
        },
        "http_req_receiving": {
            "med": 0.891297,
            "max": 142.263398,
            "p(90)": 25.36974240000004,
            "p(95)": 33.758251099999995,
            "avg": 8.026401307785395,
            "min": 0
        },
        "checks": {
            "passes": 1617,
            "fails": 862,
            "value": 0.6522791448164582
        },
        "iterations": {
            "count": 6714,
            "rate": 52.26566277550842
        },
        "peekcart_auth_failures": {
            "count": 33,
            "rate": 0.2568911039010691,
            "thresholds": {
                "count<10": true
            }
        },
        "vus_max": {
            "value": 1000,
            "min": 1000,
            "max": 1000
        },
        "http_req_duration{expected_response:true}": {
            "avg": 18381.929849983655,
            "min": 160.360011,
            "med": 18511.313318,
            "max": 40470.286982,
            "p(90)": 28880.4514624,
            "p(95)": 30483.841006999995
        },
        "http_req_connecting": {
            "avg": 0.23974355062525238,
            "min": 0,
            "med": 0,
            "max": 36.43092,
            "p(90)": 0.5678246000000001,
            "p(95)": 0.5999105
        },
        "vus": {
            "value": 1,
            "min": 1,
            "max": 1000
        },
        "http_reqs": {
            "count": 2479,
            "rate": 19.297971108204553
        },
        "iteration_duration": {
            "p(90)": 30592.178624499993,
            "p(95)": 40973.74636204999,
            "avg": 14167.683632429475,
            "min": 10000.017024,
            "med": 10000.721371,
            "max": 78556.720076
        },
        "http_req_blocked": {
            "avg": 0.2845649673255343,
            "min": 0,
            "med": 0.006906,
            "max": 36.682932,
            "p(90)": 0.673511,
            "p(95)": 0.7075628999999999
        },
        "http_req_tls_handshaking": {
            "avg": 0,
            "min": 0,
            "med": 0,
            "max": 0,
            "p(90)": 0,
            "p(95)": 0
        },
        "data_received": {
            "count": 832730,
            "rate": 6482.452392470826
        },
        "http_req_failed": {
            "passes": 890,
            "fails": 1589,
            "value": 0.3590157321500605
        },
        "data_sent": {
            "count": 766445,
            "rate": 5966.451579680452
        }
    }
}